{"cameraMode":{"drawMode":0,"name":"Shaded","section":"Shading Mode"},"sceneLighting":false,"audioPlay":false,"sceneViewState":{"showFog":true,"showMaterialUpdate":false,"showSkybox":false,"showFlares":true,"showImageEffects":true,"showParticleSystems":true},"in2DMode":false,"pivot":{"x":-0.3914155960083008,"y":1.0679932832717896,"z":1.8162213563919068},"rotation":{"x":-0.01593157649040222,"y":0.7151564955711365,"z":-0.016321970149874688,"w":-0.6986181735992432},"size":1.207395076751709,"orthographic":false}