{"cameraMode":{"drawMode":0,"name":"Shaded","section":"Shading Mode"},"sceneLighting":false,"audioPlay":false,"sceneViewState":{"showFog":true,"showMaterialUpdate":false,"showSkybox":false,"showFlares":true,"showImageEffects":true,"showParticleSystems":true},"in2DMode":false,"pivot":{"x":349.5089111328125,"y":137.90869140625,"z":0.2558434009552002},"rotation":{"x":-0.10819350928068161,"y":-0.15826712548732758,"z":0.017442209646105768,"w":-0.9813073873519898},"size":3.9679486751556398,"orthographic":false}