{"cameraMode":{"drawMode":0,"name":"Shaded","section":"Shading Mode"},"sceneLighting":true,"audioPlay":false,"sceneViewState":{"showFog":false,"showMaterialUpdate":false,"showSkybox":true,"showFlares":true,"showImageEffects":true,"showParticleSystems":true},"in2DMode":false,"pivot":{"x":658.1380004882813,"y":216.09930419921876,"z":-16.433273315429689},"rotation":{"x":0.20786558091640473,"y":0.1969730108976364,"z":-0.04333927482366562,"w":0.9574300050735474},"size":0.9321938157081604,"orthographic":false}