{"cameraMode":{"drawMode":0,"name":"Shaded","section":"Shading Mode"},"sceneLighting":false,"audioPlay":false,"sceneViewState":{"showFog":true,"showMaterialUpdate":false,"showSkybox":false,"showFlares":true,"showImageEffects":true,"showParticleSystems":true},"in2DMode":false,"pivot":{"x":628.643310546875,"y":213.76719665527345,"z":57.7721061706543},"rotation":{"x":-0.008065498434007168,"y":0.9910070300102234,"z":-0.06336480379104614,"w":-0.11968469619750977},"size":1.3720158338546754,"orthographic":false}