{"cameraMode":{"drawMode":0,"name":"Shaded","section":"Shading Mode"},"sceneLighting":true,"audioPlay":false,"sceneViewState":{"showFog":true,"showMaterialUpdate":false,"showSkybox":true,"showFlares":true,"showImageEffects":true,"showParticleSystems":true},"in2DMode":false,"pivot":{"x":341.1614685058594,"y":227.99758911132813,"z":-2.410369873046875},"rotation":{"x":-0.09314734488725662,"y":-0.0305421631783247,"z":0.002974785165861249,"w":-0.9953939914703369},"size":111.90815734863281,"orthographic":false}