{"cameraMode":{"drawMode":0,"name":"Shaded","section":"Shading Mode"},"sceneLighting":false,"audioPlay":false,"sceneViewState":{"showFog":true,"showMaterialUpdate":false,"showSkybox":false,"showFlares":true,"showImageEffects":true,"showParticleSystems":true},"in2DMode":false,"pivot":{"x":0.00013971328735351563,"y":0.2542136609554291,"z":0.10071486234664917},"rotation":{"x":-0.07283857464790344,"y":0.7502973079681397,"z":-0.08386659622192383,"w":-0.6517177224159241},"size":3.3073947429656984,"orthographic":false}