{"cameraMode":{"drawMode":0,"name":"Shaded","section":"Shading Mode"},"sceneLighting":false,"audioPlay":false,"sceneViewState":{"showFog":true,"showMaterialUpdate":false,"showSkybox":false,"showFlares":true,"showImageEffects":true,"showParticleSystems":true},"in2DMode":false,"pivot":{"x":0.11183834075927735,"y":0.3619508743286133,"z":-0.26831817626953127},"rotation":{"x":-0.33139052987098696,"y":-0.0135911600664258,"z":0.004768990445882082,"w":-0.9433945417404175},"size":31.961313247680665,"orthographic":false}